student_id,student_name,age,major,city
1001,Ahmed Ali,21,Computer Science,Sanaa
1002,Sara Mohammed,22,Artificial Intelligence,Aden
1003,Omar Hassan,20,Information Systems,Taiz
1004,Lina Ahmed,19,Computer Engineering, sanaa
1005,Mohammed Ali,25,Data Science,SANAA
1006,Nour Saleh,17,Artificial Intelligence,Aden
1007,Huda Hassan,85,Computer Science,Taiz
1008,Ali Ahmed,21,Information Systems,Sanaa
1008,Ali Ahmed,21,Information Systems,Sanaa
1009,Maryam Said,,Data Science,Aden
1010,Salem Omar,23,Computer Engineering, sanaa